mono_0000000000.png,266,1330
mono_0000000001.png,266,1330
mono_0000000002.png,266,1330
mono_0000000003.png,266,1330
mono_0000000004.png,266,1330
mono_0000000005.png,266,1330
mono_0000000006.png,266,1330
mono_0000000007.png,266,1330
mono_0000000008.png,266,1330
mono_0000000009.png,266,1330
mono_0000000010.png,266,1330
mono_0000000011.png,266,1330
mono_0000000012.png,266,1330
mono_0000000013.png,266,1330
mono_0000000014.png,266,1330
mono_0000000015.png,266,1330
mono_0000000016.png,266,1330
mono_0000000017.png,266,1330
mono_0000000018.png,266,1330
mono_0000000019.png,266,1330
mono_0000000020.png,266,1330
mono_0000000021.png,266,1330
mono_0000000022.png,266,1330
mono_0000000023.png,266,1330
mono_0000000024.png,266,1330
mono_0000000025.png,266,1330
mono_0000000026.png,266,1330
mono_0000000027.png,266,1330
mono_0000000028.png,266,1330
mono_0000000029.png,266,1330
mono_0000000030.png,266,1330
mono_0000000031.png,266,1330
mono_0000000032.png,266,1330
mono_0000000033.png,266,1330
mono_0000000034.png,266,1330
mono_0000000035.png,266,1330
mono_0000000036.png,266,1330
mono_0000000037.png,266,1330
mono_0000000038.png,266,1330
mono_0000000039.png,266,1330
mono_0000000040.png,266,1330
mono_0000000041.png,266,1330
mono_0000000042.png,266,1330
mono_0000000043.png,266,1330
mono_0000000044.png,266,1330
mono_0000000045.png,266,1330
mono_0000000046.png,266,1330
mono_0000000047.png,266,1330
mono_0000000048.png,266,1330
mono_0000000049.png,266,1330
mono_0000000050.png,266,1330
mono_0000000051.png,266,1330
mono_0000000052.png,266,1330
mono_0000000053.png,266,1330
mono_0000000054.png,266,1330
mono_0000000055.png,266,1330
mono_0000000056.png,266,1330
mono_0000000057.png,266,1330
mono_0000000058.png,266,1330
mono_0000000059.png,266,1330
mono_0000000060.png,266,1330
mono_0000000061.png,266,1330
mono_0000000062.png,266,1330
mono_0000000063.png,266,1330
mono_0000000064.png,266,1330
mono_0000000065.png,266,1330
mono_0000000066.png,266,1330
mono_0000000067.png,266,1330
mono_0000000068.png,266,1330
mono_0000000069.png,266,1330
mono_0000000070.png,266,1330
mono_0000000071.png,266,1330
mono_0000000072.png,266,1330
mono_0000000073.png,266,1330
mono_0000000074.png,266,1330
mono_0000000075.png,266,1330
mono_0000000076.png,266,1330
mono_0000000077.png,266,1330
mono_0000000078.png,266,1330
mono_0000000079.png,266,1330
mono_0000000080.png,266,1330
mono_0000000081.png,266,1330
mono_0000000082.png,266,1330
mono_0000000083.png,266,1330
mono_0000000084.png,266,1330
mono_0000000085.png,266,1330
mono_0000000086.png,266,1330
mono_0000000087.png,266,1330
mono_0000000088.png,266,1330
mono_0000000089.png,266,1330
mono_0000000090.png,266,1330
mono_0000000091.png,266,1330
mono_0000000092.png,266,1330
mono_0000000093.png,266,1330
mono_0000000094.png,266,1330
mono_0000000095.png,266,1330
mono_0000000096.png,266,1330
mono_0000000097.png,266,1330
mono_0000000098.png,266,1330
mono_0000000099.png,266,1330
mono_0000000100.png,266,1330
mono_0000000101.png,266,1330
mono_0000000102.png,266,1330
mono_0000000103.png,266,1330
mono_0000000104.png,266,1330
mono_0000000105.png,266,1330
mono_0000000106.png,266,1330
mono_0000000107.png,266,1330
mono_0000000108.png,266,1330
mono_0000000109.png,266,1330
mono_0000000110.png,266,1330
mono_0000000111.png,266,1330
mono_0000000112.png,266,1330
mono_0000000113.png,266,1330
mono_0000000114.png,266,1330
mono_0000000115.png,266,1330
mono_0000000116.png,266,1330
mono_0000000117.png,266,1330
mono_0000000118.png,266,1330
mono_0000000119.png,266,1330
mono_0000000120.png,266,1330
mono_0000000121.png,266,1330
mono_0000000122.png,266,1330
mono_0000000123.png,266,1330
mono_0000000124.png,266,1330
mono_0000000125.png,266,1330
mono_0000000126.png,266,1330
mono_0000000127.png,266,1330
mono_0000000128.png,266,1330
mono_0000000129.png,266,1330
mono_0000000130.png,266,1330
mono_0000000131.png,266,1330
mono_0000000132.png,266,1330
mono_0000000133.png,266,1330
mono_0000000134.png,266,1330
mono_0000000135.png,266,1330
mono_0000000136.png,266,1330
mono_0000000137.png,266,1330
mono_0000000138.png,266,1330
mono_0000000139.png,266,1330
mono_0000000140.png,266,1330
mono_0000000141.png,266,1330
mono_0000000142.png,266,1330
mono_0000000143.png,266,1330
mono_0000000144.png,266,1330
mono_0000000145.png,266,1330
mono_0000000146.png,266,1330
mono_0000000147.png,266,1330
mono_0000000148.png,266,1330
mono_0000000149.png,266,1330
mono_0000000150.png,266,1330
mono_0000000151.png,266,1330
mono_0000000152.png,266,1330
mono_0000000153.png,266,1330
mono_0000000154.png,266,1330
mono_0000000155.png,266,1330
mono_0000000156.png,266,1330
mono_0000000157.png,266,1330
mono_0000000158.png,266,1330
mono_0000000159.png,266,1330
mono_0000000160.png,266,1330
mono_0000000161.png,266,1330
mono_0000000162.png,266,1330
mono_0000000163.png,266,1330
mono_0000000164.png,266,1330
mono_0000000165.png,266,1330
mono_0000000166.png,266,1330
mono_0000000167.png,266,1330
mono_0000000168.png,266,1330
mono_0000000169.png,266,1330
mono_0000000170.png,266,1330
mono_0000000171.png,266,1330
mono_0000000172.png,266,1330
mono_0000000173.png,266,1330
mono_0000000174.png,266,1330
mono_0000000175.png,266,1330
mono_0000000176.png,266,1330
mono_0000000177.png,266,1330
mono_0000000178.png,266,1330
mono_0000000179.png,266,1330
mono_0000000180.png,266,1330
mono_0000000181.png,266,1330
mono_0000000182.png,266,1330
mono_0000000183.png,266,1330
mono_0000000184.png,266,1330
mono_0000000185.png,266,1330
mono_0000000186.png,266,1330
mono_0000000187.png,266,1330
mono_0000000188.png,266,1330
mono_0000000189.png,266,1330
mono_0000000190.png,266,1330
mono_0000000191.png,266,1330
mono_0000000192.png,266,1330
mono_0000000193.png,266,1330
mono_0000000194.png,266,1330
mono_0000000195.png,266,1330
mono_0000000196.png,266,1330
mono_0000000197.png,266,1330
mono_0000000198.png,266,1330
mono_0000000199.png,266,1330
mono_0000000200.png,266,1330
mono_0000000201.png,266,1330
mono_0000000202.png,266,1330
mono_0000000203.png,266,1330
mono_0000000204.png,266,1330
mono_0000000205.png,266,1330
mono_0000000206.png,266,1330
mono_0000000207.png,266,1330
mono_0000000208.png,266,1330
mono_0000000209.png,266,1330
mono_0000000210.png,266,1330
mono_0000000211.png,266,1330
mono_0000000212.png,266,1330
mono_0000000213.png,266,1330
mono_0000000214.png,266,1330
mono_0000000215.png,266,1330
mono_0000000216.png,266,1330
mono_0000000217.png,266,1330
mono_0000000218.png,266,1330
mono_0000000219.png,266,1330
mono_0000000220.png,266,1330
mono_0000000221.png,266,1330
mono_0000000222.png,266,1330
mono_0000000223.png,266,1330
mono_0000000224.png,266,1330
mono_0000000225.png,266,1330
mono_0000000226.png,266,1330
mono_0000000227.png,266,1330
mono_0000000228.png,266,1330
mono_0000000229.png,266,1330
mono_0000000230.png,266,1330
mono_0000000231.png,266,1330
mono_0000000232.png,266,1330
mono_0000000233.png,266,1330
mono_0000000234.png,266,1330
mono_0000000235.png,266,1330
mono_0000000236.png,266,1330
mono_0000000237.png,266,1330
mono_0000000238.png,266,1330
mono_0000000239.png,266,1330
mono_0000000240.png,266,1330
mono_0000000241.png,266,1330
mono_0000000242.png,266,1330
mono_0000000243.png,266,1330
mono_0000000244.png,266,1330
mono_0000000245.png,266,1330
mono_0000000246.png,266,1330
mono_0000000247.png,266,1330
mono_0000000248.png,266,1330
mono_0000000249.png,266,1330
mono_0000000250.png,266,1330
mono_0000000251.png,266,1330
mono_0000000252.png,266,1330
mono_0000000253.png,266,1330
mono_0000000254.png,266,1330
mono_0000000255.png,266,1330
mono_0000000256.png,266,1330
mono_0000000257.png,266,1330
mono_0000000258.png,266,1330
mono_0000000259.png,266,1330
mono_0000000260.png,266,1330
mono_0000000261.png,266,1330
mono_0000000262.png,266,1330
mono_0000000263.png,266,1330
mono_0000000264.png,266,1330
mono_0000000265.png,266,1330
mono_0000000266.png,266,1330
mono_0000000267.png,266,1330
mono_0000000268.png,266,1330
mono_0000000269.png,266,1330
mono_0000000270.png,266,1330
mono_0000000271.png,266,1330
mono_0000000272.png,266,1330
mono_0000000273.png,266,1330
mono_0000000274.png,266,1330
mono_0000000275.png,266,1330
mono_0000000276.png,266,1330
mono_0000000277.png,266,1330
mono_0000000278.png,266,1330
mono_0000000279.png,266,1330
mono_0000000280.png,266,1330
mono_0000000281.png,266,1330
mono_0000000282.png,266,1330
mono_0000000283.png,266,1330
mono_0000000284.png,266,1330
mono_0000000285.png,266,1330
mono_0000000286.png,266,1330
mono_0000000287.png,266,1330
mono_0000000288.png,266,1330
mono_0000000289.png,266,1330
mono_0000000290.png,266,1330
mono_0000000291.png,266,1330
mono_0000000292.png,266,1330
mono_0000000293.png,266,1330
mono_0000000294.png,266,1330
mono_0000000295.png,266,1330
mono_0000000296.png,266,1330
mono_0000000297.png,266,1330
mono_0000000298.png,266,1330
mono_0000000299.png,266,1330
mono_0000000300.png,266,1330
mono_0000000301.png,266,1330
mono_0000000302.png,266,1330
mono_0000000303.png,266,1330
mono_0000000304.png,266,1330
mono_0000000305.png,266,1330
mono_0000000306.png,266,1330
mono_0000000307.png,266,1330
mono_0000000308.png,266,1330
mono_0000000309.png,266,1330
mono_0000000310.png,266,1330
mono_0000000311.png,266,1330
mono_0000000312.png,266,1330
mono_0000000313.png,266,1330
mono_0000000314.png,266,1330
mono_0000000315.png,266,1330
mono_0000000316.png,266,1330
mono_0000000317.png,266,1330
mono_0000000318.png,266,1330
mono_0000000319.png,266,1330
mono_0000000320.png,266,1330
mono_0000000321.png,266,1330
mono_0000000322.png,266,1330
mono_0000000323.png,266,1330
mono_0000000324.png,266,1330
mono_0000000325.png,266,1330
mono_0000000326.png,266,1330
mono_0000000327.png,266,1330
mono_0000000328.png,266,1330
mono_0000000329.png,266,1330
mono_0000000330.png,266,1330
mono_0000000331.png,266,1330
mono_0000000332.png,266,1330
mono_0000000333.png,266,1330
mono_0000000334.png,266,1330
mono_0000000335.png,266,1330
mono_0000000336.png,266,1330
mono_0000000337.png,266,1330
mono_0000000338.png,266,1330
mono_0000000339.png,266,1330
mono_0000000340.png,266,1330
mono_0000000341.png,266,1330
mono_0000000342.png,266,1330
mono_0000000343.png,266,1330
mono_0000000344.png,266,1330
mono_0000000345.png,266,1330
mono_0000000346.png,266,1330
mono_0000000347.png,266,1330
mono_0000002050.png,266,1330
mono_0000002051.png,266,1330
mono_0000002052.png,266,1330
mono_0000002053.png,266,1330
mono_0000002054.png,266,1330
mono_0000002055.png,266,1330
mono_0000002056.png,266,1330
mono_0000002057.png,266,1330
mono_0000002058.png,266,1330
mono_0000002059.png,266,1330
mono_0000002060.png,266,1330
mono_0000002061.png,266,1330
mono_0000002062.png,266,1330
mono_0000002063.png,266,1330
mono_0000002064.png,266,1330
mono_0000002065.png,266,1330
mono_0000002066.png,266,1330
mono_0000002067.png,266,1330
mono_0000002068.png,266,1330
mono_0000002069.png,266,1330
mono_0000002070.png,266,1330
mono_0000002071.png,266,1330
mono_0000002072.png,266,1330
mono_0000002073.png,266,1330
mono_0000002074.png,266,1330
mono_0000002075.png,266,1330
mono_0000002076.png,266,1330
mono_0000002077.png,266,1330
mono_0000002078.png,266,1330
mono_0000002079.png,266,1330
mono_0000002080.png,266,1330
mono_0000002081.png,266,1330
mono_0000002082.png,266,1330
mono_0000002083.png,266,1330
mono_0000002084.png,266,1330
mono_0000002085.png,266,1330
mono_0000002086.png,266,1330
mono_0000002087.png,266,1330
mono_0000002088.png,266,1330
mono_0000002089.png,266,1330
mono_0000002090.png,266,1330
mono_0000002091.png,266,1330
mono_0000002092.png,266,1330
mono_0000002093.png,266,1330
mono_0000002094.png,266,1330
mono_0000002095.png,266,1330
mono_0000002096.png,266,1330
mono_0000002097.png,266,1330
mono_0000002098.png,266,1330
mono_0000002099.png,266,1330
mono_0000002100.png,266,1330
mono_0000002101.png,266,1330
mono_0000002102.png,266,1330
mono_0000002103.png,266,1330
mono_0000002104.png,266,1330
mono_0000002105.png,266,1330
mono_0000002106.png,266,1330
mono_0000002107.png,266,1330
mono_0000002108.png,266,1330
mono_0000002109.png,266,1330
mono_0000002110.png,266,1330
mono_0000002111.png,266,1330
mono_0000002112.png,266,1330
mono_0000002113.png,266,1330
mono_0000002114.png,266,1330
mono_0000002115.png,266,1330
mono_0000002116.png,266,1330
mono_0000002117.png,266,1330
mono_0000002118.png,266,1330
mono_0000002119.png,266,1330
mono_0000002120.png,266,1330
mono_0000002121.png,266,1330
mono_0000002122.png,266,1330
mono_0000002123.png,266,1330
mono_0000002124.png,266,1330
mono_0000002125.png,266,1330
mono_0000002126.png,266,1330
mono_0000002127.png,266,1330
mono_0000002128.png,266,1330
mono_0000002129.png,266,1330
mono_0000002130.png,266,1330
mono_0000002131.png,266,1330
mono_0000002132.png,266,1330
mono_0000002133.png,266,1330
mono_0000002134.png,266,1330
mono_0000002135.png,266,1330
mono_0000002136.png,266,1330
mono_0000002137.png,266,1330
mono_0000002138.png,266,1330
mono_0000002139.png,266,1330
mono_0000002140.png,266,1330
mono_0000002141.png,266,1330
mono_0000002142.png,266,1330
mono_0000002143.png,266,1330
mono_0000002144.png,266,1330
mono_0000002145.png,266,1330
mono_0000002146.png,266,1330
mono_0000002147.png,266,1330
mono_0000002148.png,266,1330
mono_0000002149.png,266,1330
mono_0000002150.png,266,1330
mono_0000002151.png,266,1330
mono_0000002152.png,266,1330
mono_0000002153.png,266,1330
mono_0000002154.png,266,1330
mono_0000002155.png,266,1330
mono_0000002156.png,266,1330
mono_0000002157.png,266,1330
mono_0000002158.png,266,1330
mono_0000002159.png,266,1330
mono_0000002160.png,266,1330
mono_0000002161.png,266,1330
mono_0000002162.png,266,1330
mono_0000002163.png,266,1330
mono_0000002164.png,266,1330
mono_0000002165.png,266,1330
mono_0000002166.png,266,1330
mono_0000002167.png,266,1330
mono_0000002168.png,266,1330
mono_0000002169.png,266,1330
mono_0000002170.png,266,1330
mono_0000002171.png,266,1330
mono_0000002172.png,266,1330
mono_0000002173.png,266,1330
mono_0000002174.png,266,1330
mono_0000002175.png,266,1330
mono_0000002176.png,266,1330
mono_0000002177.png,266,1330
mono_0000002178.png,266,1330
mono_0000002179.png,266,1330
mono_0000002180.png,266,1330
mono_0000002181.png,266,1330
mono_0000002182.png,266,1330
mono_0000002183.png,266,1330
mono_0000002184.png,266,1330
mono_0000002185.png,266,1330
mono_0000002186.png,266,1330
mono_0000002187.png,266,1330
mono_0000002188.png,266,1330
mono_0000002189.png,266,1330
mono_0000002190.png,266,1330
mono_0000002191.png,266,1330
mono_0000002192.png,266,1330
mono_0000002193.png,266,1330
mono_0000002194.png,266,1330
mono_0000002195.png,266,1330
mono_0000002196.png,266,1330
mono_0000002197.png,266,1330
mono_0000002198.png,266,1330
mono_0000002199.png,266,1330
mono_0000002200.png,266,1330
mono_0000002201.png,266,1330
mono_0000002202.png,266,1330
mono_0000002203.png,266,1330
mono_0000002204.png,266,1330
mono_0000002205.png,266,1330
mono_0000002206.png,266,1330
mono_0000002207.png,266,1330
mono_0000002208.png,266,1330
mono_0000002209.png,266,1330
mono_0000002210.png,266,1330
mono_0000002211.png,266,1330
mono_0000002212.png,266,1330
mono_0000002213.png,266,1330
mono_0000002214.png,266,1330
mono_0000002215.png,266,1330
mono_0000002216.png,266,1330
mono_0000002217.png,266,1330
mono_0000002218.png,266,1330
mono_0000002219.png,266,1330
mono_0000002220.png,266,1330
mono_0000002221.png,266,1330
mono_0000002222.png,266,1330
mono_0000002223.png,266,1330
mono_0000002224.png,266,1330
mono_0000002225.png,266,1330
mono_0000002226.png,266,1330
mono_0000002227.png,266,1330
mono_0000002228.png,266,1330
mono_0000002229.png,266,1330
mono_0000002230.png,266,1330
mono_0000002231.png,266,1330
mono_0000002232.png,266,1330
mono_0000002233.png,266,1330
mono_0000002234.png,266,1330
mono_0000002235.png,266,1330
mono_0000002236.png,266,1330
mono_0000002237.png,266,1330
mono_0000002238.png,266,1330
mono_0000002239.png,266,1330
mono_0000002240.png,266,1330
mono_0000002241.png,266,1330
mono_0000002242.png,266,1330
mono_0000002243.png,266,1330
mono_0000002244.png,266,1330
mono_0000002245.png,266,1330
mono_0000002246.png,266,1330
mono_0000002247.png,266,1330
mono_0000002248.png,266,1330
mono_0000002249.png,266,1330
mono_0000002250.png,266,1330
mono_0000002251.png,266,1330
mono_0000002252.png,266,1330
mono_0000002253.png,266,1330
mono_0000002254.png,266,1330
mono_0000002255.png,266,1330
mono_0000002256.png,266,1330
mono_0000002257.png,266,1330
mono_0000002258.png,266,1330
mono_0000002259.png,266,1330
mono_0000002260.png,266,1330
mono_0000002261.png,266,1330
mono_0000002262.png,266,1330
mono_0000002263.png,266,1330
mono_0000002264.png,266,1330
mono_0000002265.png,266,1330
mono_0000002266.png,266,1330
mono_0000002267.png,266,1330
mono_0000002268.png,266,1330
mono_0000002269.png,266,1330
mono_0000002270.png,266,1330
mono_0000002271.png,266,1330
mono_0000002272.png,266,1330
mono_0000002273.png,266,1330
mono_0000002274.png,266,1330
mono_0000002275.png,266,1330
mono_0000002276.png,266,1330
mono_0000002277.png,266,1330
mono_0000002278.png,266,1330
mono_0000002279.png,266,1330
mono_0000002280.png,266,1330
mono_0000002281.png,266,1330
mono_0000002282.png,266,1330
mono_0000002283.png,266,1330
mono_0000002284.png,266,1330
mono_0000002285.png,266,1330
mono_0000002286.png,266,1330
mono_0000002287.png,266,1330
mono_0000002288.png,266,1330
mono_0000002289.png,266,1330
mono_0000002290.png,266,1330
mono_0000002291.png,266,1330
mono_0000002292.png,266,1330
mono_0000002293.png,266,1330
mono_0000002294.png,266,1330
mono_0000002295.png,266,1330
mono_0000002296.png,266,1330
mono_0000002297.png,266,1330
mono_0000002298.png,266,1330
mono_0000002299.png,266,1330
mono_0000002300.png,266,1330
mono_0000002301.png,266,1330
mono_0000002302.png,266,1330
mono_0000002303.png,266,1330
mono_0000002304.png,266,1330
mono_0000002305.png,266,1330
mono_0000002306.png,266,1330
mono_0000002307.png,266,1330
mono_0000002308.png,266,1330
mono_0000002309.png,266,1330
mono_0000002310.png,266,1330
mono_0000002311.png,266,1330
mono_0000002312.png,266,1330
mono_0000002313.png,266,1330
mono_0000002314.png,266,1330
mono_0000002315.png,266,1330
mono_0000002316.png,266,1330
mono_0000002317.png,266,1330
mono_0000002318.png,266,1330
mono_0000002319.png,266,1330
mono_0000002320.png,266,1330
mono_0000002321.png,266,1330
mono_0000002322.png,266,1330
mono_0000002323.png,266,1330
mono_0000002324.png,266,1330
mono_0000002325.png,266,1330
mono_0000002326.png,266,1330
mono_0000002327.png,266,1330
mono_0000002328.png,266,1330
mono_0000002329.png,266,1330
mono_0000002330.png,266,1330
mono_0000002331.png,266,1330
mono_0000002332.png,266,1330
mono_0000002333.png,266,1330
mono_0000002334.png,266,1330
mono_0000002335.png,266,1330
mono_0000002336.png,266,1330
mono_0000002337.png,266,1330
mono_0000002338.png,266,1330
mono_0000002339.png,266,1330
mono_0000002340.png,266,1330
mono_0000002341.png,266,1330
mono_0000002342.png,266,1330
mono_0000002343.png,266,1330
mono_0000002344.png,266,1330
mono_0000002345.png,266,1330
mono_0000002346.png,266,1330
mono_0000002347.png,266,1330
mono_0000002348.png,266,1330
mono_0000002349.png,266,1330
mono_0000002350.png,266,1330
mono_0000002351.png,266,1330
mono_0000002352.png,266,1330
mono_0000002353.png,266,1330
mono_0000002354.png,266,1330
mono_0000002355.png,266,1330
mono_0000002356.png,266,1330
mono_0000002357.png,266,1330
mono_0000002358.png,266,1330
mono_0000002359.png,266,1330
mono_0000002360.png,266,1330
mono_0000002361.png,266,1330
mono_0000002362.png,266,1330
mono_0000002363.png,266,1330
mono_0000002364.png,266,1330
mono_0000002365.png,266,1330
mono_0000002366.png,266,1330
mono_0000002367.png,266,1330
mono_0000002368.png,266,1330
mono_0000002369.png,266,1330
mono_0000002370.png,266,1330
mono_0000002371.png,266,1330
mono_0000002372.png,266,1330
mono_0000002373.png,266,1330
mono_0000002374.png,266,1330
mono_0000002375.png,266,1330
